URL,Lần thu thập dữ liệu cuối cùng,Trạng thái
https://coinlineup.com/lighter-tge-airdrop-2025-details/,2026-04-04,Đang chờ
https://coinlineup.com/fed-rate-cuts-crypto-impact/,2026-03-25,Đang chờ
https://coinlineup.com/wyoming-first-state-stablecoin-launch/,2026-03-21,Đang chờ
https://coinlineup.com/sec-charges-fake-crypto-platforms-scam/,2026-03-14,Đang chờ
https://coinlineup.com/zkp-could-deliver-10000x-returns-how-it-stacks-up-against-aave-and-okb-in-2026s-trending-crypto-list/,2026-03-12,Đang chờ
https://coinlineup.com/the-wait-is-over-blockdag-debuts-on-global-exchanges-after-record-breaking-launch/,2026-03-10,Đang chờ
https://coinlineup.com/bitcoin-held-by-microstrategy-edges-up-on-3015-btc-buy/,2026-03-04,Đang chờ
https://coinlineup.com/coin/?uuid=fLcU_wBrc,2026-03-03,Đang chờ
https://coinlineup.com/experts-back-zkp-for-7000x-upside-while-xrp-and-cardano-lag/,2026-02-25,Đang chờ
https://coinlineup.com/u-s-tariffs-shift-as-supreme-court-curbs-ieepa/,2026-02-25,Đang chờ
https://coinlineup.com/zcash-futures-interest-price-surge/,2026-02-20,Đang chờ
https://coinlineup.com/solana-whale-pippin-investment-news/,2026-02-20,Đang chờ
https://coinlineup.com/sec-bitcoin-etp-approval-crypto-stance/,2026-02-20,Đang chờ
https://coinlineup.com/alliance-dao-seeks-crypto-founders/,2026-02-20,Đang chờ
https://coinlineup.com/whales-shift-focus-to-zero-knowledge-proofs-3000x-roi-potential-as-zcash-toncoins-rally-slows-down-8/,2026-02-20,Đang chờ
https://coinlineup.com/crypto-profit-perpetual-positions-unconfirmed/,2026-02-19,Đang chờ
https://coinlineup.com/us-debt-scheme-stablecoin-allegation/,2026-02-03,Đang chờ
https://coinlineup.com/ethgas-gwei-token-distribution-details/,2026-02-02,Đang chờ
https://coinlineup.com/binance-alpha-airdrop-requires-credits/,2025-12-19,Đang chờ
https://coinlineup.com/currencies/STUPID/stupidcoin-2/USD,2025-10-24,Đang chờ
https://coinlineup.com/currencies/STUPID/stupidcoin-2/USD/,2025-10-24,Đang chờ
https://coinlineup.com/currencies/ALPACA/alpaca-finance/USD,2025-07-04,Đang chờ
https://coinlineup.com/currencies/ALPACA/alpaca-finance/USD/,2025-07-04,Đang chờ
https://coinlineup.com/currencies/BFIC/best-fintech-investment-coin/USD,2025-06-20,Đang chờ
https://coinlineup.com/currencies/BFIC/best-fintech-investment-coin/USD/,2025-06-20,Đang chờ
https://coinlineup.com/currencies/AERGO/aergo/USD/,2025-06-09,Đang chờ