"Address","Occurrences","Indexability","Indexability Status","Canonical Link Element 1","HTTP Canonical","Meta Robots 1","X-Robots-Tag 1","rel=""next"" 1","rel=""prev"" 1","HTTP rel=""next"" 1","HTTP rel=""prev"" 1"
"https://tokentopnews.com/coin/just/","1","Non-Indexable","Canonicalised","https://tokentopnews.com/coin/","","index, follow, max-image-preview:large, max-snippet:-1, max-video-preview:-1","","","","",""
"https://tokentopnews.com/coin/cardano/","1","Non-Indexable","Canonicalised","https://tokentopnews.com/coin/","","index, follow, max-image-preview:large, max-snippet:-1, max-video-preview:-1","","","","",""
"https://tokentopnews.com/coin/trx/","1","Non-Indexable","Canonicalised","https://tokentopnews.com/coin/","","index, follow, max-image-preview:large, max-snippet:-1, max-video-preview:-1","","","","",""
"https://tokentopnews.com/coin/render/","1","Non-Indexable","Canonicalised","https://tokentopnews.com/coin/","","index, follow, max-image-preview:large, max-snippet:-1, max-video-preview:-1","","","","",""
"https://tokentopnews.com/coin/jupiter/","1","Non-Indexable","Canonicalised","https://tokentopnews.com/coin/","","index, follow, max-image-preview:large, max-snippet:-1, max-video-preview:-1","","","","",""
"https://tokentopnews.com/coin/usdc/","1","Non-Indexable","Canonicalised","https://tokentopnews.com/coin/","","index, follow, max-image-preview:large, max-snippet:-1, max-video-preview:-1","","","","",""
"https://tokentopnews.com/coin/kaspa/","1","Non-Indexable","Canonicalised","https://tokentopnews.com/coin/","","index, follow, max-image-preview:large, max-snippet:-1, max-video-preview:-1","","","","",""
"https://tokentopnews.com/coin/filecoin/","1","Non-Indexable","Canonicalised","https://tokentopnews.com/coin/","","index, follow, max-image-preview:large, max-snippet:-1, max-video-preview:-1","","","","",""
"https://tokentopnews.com/coin/monero/","1","Non-Indexable","Canonicalised","https://tokentopnews.com/coin/","","index, follow, max-image-preview:large, max-snippet:-1, max-video-preview:-1","","","","",""
"https://tokentopnews.com/coin/uniswap/","1","Non-Indexable","Canonicalised","https://tokentopnews.com/coin/","","index, follow, max-image-preview:large, max-snippet:-1, max-video-preview:-1","","","","",""
"https://tokentopnews.com/coin/cosmos/","1","Non-Indexable","Canonicalised","https://tokentopnews.com/coin/","","index, follow, max-image-preview:large, max-snippet:-1, max-video-preview:-1","","","","",""
"https://tokentopnews.com/coin/aave/","1","Non-Indexable","Canonicalised","https://tokentopnews.com/coin/","","index, follow, max-image-preview:large, max-snippet:-1, max-video-preview:-1","","","","",""
"https://tokentopnews.com/coin/bittensor/","1","Non-Indexable","Canonicalised","https://tokentopnews.com/coin/","","index, follow, max-image-preview:large, max-snippet:-1, max-video-preview:-1","","","","",""
"https://tokentopnews.com/coin/sky/","1","Non-Indexable","Canonicalised","https://tokentopnews.com/coin/","","index, follow, max-image-preview:large, max-snippet:-1, max-video-preview:-1","","","","",""
"https://tokentopnews.com/coin/bonk/","1","Non-Indexable","Canonicalised","https://tokentopnews.com/coin/","","index, follow, max-image-preview:large, max-snippet:-1, max-video-preview:-1","","","","",""
"https://tokentopnews.com/coin/bitcoin-cash/","1","Non-Indexable","Canonicalised","https://tokentopnews.com/coin/","","index, follow, max-image-preview:large, max-snippet:-1, max-video-preview:-1","","","","",""
"https://tokentopnews.com/coin/gatetoken/","1","Non-Indexable","Canonicalised","https://tokentopnews.com/coin/","","index, follow, max-image-preview:large, max-snippet:-1, max-video-preview:-1","","","","",""
"https://tokentopnews.com/coin/hyperliquid/","1","Non-Indexable","Canonicalised","https://tokentopnews.com/coin/","","index, follow, max-image-preview:large, max-snippet:-1, max-video-preview:-1","","","","",""
"https://tokentopnews.com/coin/pancakeswap/","1","Non-Indexable","Canonicalised","https://tokentopnews.com/coin/","","index, follow, max-image-preview:large, max-snippet:-1, max-video-preview:-1","","","","",""
"https://tokentopnews.com/coin/sol/","1","Non-Indexable","Canonicalised","https://tokentopnews.com/coin/","","index, follow, max-image-preview:large, max-snippet:-1, max-video-preview:-1","","","","",""
"https://tokentopnews.com/coin/stellar/","1","Non-Indexable","Canonicalised","https://tokentopnews.com/coin/","","index, follow, max-image-preview:large, max-snippet:-1, max-video-preview:-1","","","","",""
"https://tokentopnews.com/coin/pudgy-penguins/","1","Non-Indexable","Canonicalised","https://tokentopnews.com/coin/","","index, follow, max-image-preview:large, max-snippet:-1, max-video-preview:-1","","","","",""
"https://tokentopnews.com/coin/sui/","1","Non-Indexable","Canonicalised","https://tokentopnews.com/coin/","","index, follow, max-image-preview:large, max-snippet:-1, max-video-preview:-1","","","","",""
"https://tokentopnews.com/coin/aster/","1","Non-Indexable","Canonicalised","https://tokentopnews.com/coin/","","index, follow, max-image-preview:large, max-snippet:-1, max-video-preview:-1","","","","",""
"https://tokentopnews.com/coin/river/","1","Non-Indexable","Canonicalised","https://tokentopnews.com/coin/","","index, follow, max-image-preview:large, max-snippet:-1, max-video-preview:-1","","","","",""
"https://tokentopnews.com/coin/toncoin/","1","Non-Indexable","Canonicalised","https://tokentopnews.com/coin/","","index, follow, max-image-preview:large, max-snippet:-1, max-video-preview:-1","","","","",""
"https://tokentopnews.com/coin/polkadot/","1","Non-Indexable","Canonicalised","https://tokentopnews.com/coin/","","index, follow, max-image-preview:large, max-snippet:-1, max-video-preview:-1","","","","",""
"https://tokentopnews.com/coin/bnb/","1","Non-Indexable","Canonicalised","https://tokentopnews.com/coin/","","index, follow, max-image-preview:large, max-snippet:-1, max-video-preview:-1","","","","",""
"https://tokentopnews.com/coin/xrp/","1","Non-Indexable","Canonicalised","https://tokentopnews.com/coin/","","index, follow, max-image-preview:large, max-snippet:-1, max-video-preview:-1","","","","",""
"https://tokentopnews.com/coin/avalanche/","1","Non-Indexable","Canonicalised","https://tokentopnews.com/coin/","","index, follow, max-image-preview:large, max-snippet:-1, max-video-preview:-1","","","","",""
"https://tokentopnews.com/coin/cronos/","1","Non-Indexable","Canonicalised","https://tokentopnews.com/coin/","","index, follow, max-image-preview:large, max-snippet:-1, max-video-preview:-1","","","","",""
"https://tokentopnews.com/coin/shiba-inu/","1","Non-Indexable","Canonicalised","https://tokentopnews.com/coin/","","index, follow, max-image-preview:large, max-snippet:-1, max-video-preview:-1","","","","",""
"https://tokentopnews.com/coin/doge/","1","Non-Indexable","Canonicalised","https://tokentopnews.com/coin/","","index, follow, max-image-preview:large, max-snippet:-1, max-video-preview:-1","","","","",""
"https://tokentopnews.com/coin/tezos/","1","Non-Indexable","Canonicalised","https://tokentopnews.com/coin/","","index, follow, max-image-preview:large, max-snippet:-1, max-video-preview:-1","","","","",""
"https://tokentopnews.com/coin/solana/","1","Non-Indexable","Canonicalised","https://tokentopnews.com/coin/","","index, follow, max-image-preview:large, max-snippet:-1, max-video-preview:-1","","","","",""
"https://tokentopnews.com/coin/ada/","1","Non-Indexable","Canonicalised","https://tokentopnews.com/coin/","","index, follow, max-image-preview:large, max-snippet:-1, max-video-preview:-1","","","","",""
"https://tokentopnews.com/coin/eth/","1","Non-Indexable","Canonicalised","https://tokentopnews.com/coin/","","index, follow, max-image-preview:large, max-snippet:-1, max-video-preview:-1","","","","",""
"https://tokentopnews.com/coin/worldcoin/","1","Non-Indexable","Canonicalised","https://tokentopnews.com/coin/","","index, follow, max-image-preview:large, max-snippet:-1, max-video-preview:-1","","","","",""
"https://tokentopnews.com/cryptocurrency-meaning-explained-a-beginners/embed/","1","Non-Indexable","Canonicalised,noindex","https://tokentopnews.com/cryptocurrency-meaning-explained-a-beginners/","","noindex, follow","","","","",""
"https://tokentopnews.com/coin/pepe/","1","Non-Indexable","Canonicalised","https://tokentopnews.com/coin/","","index, follow, max-image-preview:large, max-snippet:-1, max-video-preview:-1","","","","",""
"https://tokentopnews.com/coin/bitget-token/","1","Non-Indexable","Canonicalised","https://tokentopnews.com/coin/","","index, follow, max-image-preview:large, max-snippet:-1, max-video-preview:-1","","","","",""
"https://tokentopnews.com/coin/aptos/","1","Non-Indexable","Canonicalised","https://tokentopnews.com/coin/","","index, follow, max-image-preview:large, max-snippet:-1, max-video-preview:-1","","","","",""
"https://tokentopnews.com/coin/dogecoin/","1","Non-Indexable","Canonicalised","https://tokentopnews.com/coin/","","index, follow, max-image-preview:large, max-snippet:-1, max-video-preview:-1","","","","",""
"https://tokentopnews.com/coin/sei/","1","Non-Indexable","Canonicalised","https://tokentopnews.com/coin/","","index, follow, max-image-preview:large, max-snippet:-1, max-video-preview:-1","","","","",""
"https://tokentopnews.com/coin/world-liberty-financial/","1","Non-Indexable","Canonicalised","https://tokentopnews.com/coin/","","index, follow, max-image-preview:large, max-snippet:-1, max-video-preview:-1","","","","",""
"https://tokentopnews.com/coin/pax-gold/","1","Non-Indexable","Canonicalised","https://tokentopnews.com/coin/","","index, follow, max-image-preview:large, max-snippet:-1, max-video-preview:-1","","","","",""
"https://tokentopnews.com/coin/arbitrum/","1","Non-Indexable","Canonicalised","https://tokentopnews.com/coin/","","index, follow, max-image-preview:large, max-snippet:-1, max-video-preview:-1","","","","",""
"https://tokentopnews.com/coin/ondo/","1","Non-Indexable","Canonicalised","https://tokentopnews.com/coin/","","index, follow, max-image-preview:large, max-snippet:-1, max-video-preview:-1","","","","",""
"https://tokentopnews.com/coin/official-trump/","1","Non-Indexable","Canonicalised","https://tokentopnews.com/coin/","","index, follow, max-image-preview:large, max-snippet:-1, max-video-preview:-1","","","","",""
"https://tokentopnews.com/coin/tron/","1","Non-Indexable","Canonicalised","https://tokentopnews.com/coin/","","index, follow, max-image-preview:large, max-snippet:-1, max-video-preview:-1","","","","",""
"https://tokentopnews.com/coin/dai/","1","Non-Indexable","Canonicalised","https://tokentopnews.com/coin/","","index, follow, max-image-preview:large, max-snippet:-1, max-video-preview:-1","","","","",""
"https://tokentopnews.com/coin/ethereum/","1","Non-Indexable","Canonicalised","https://tokentopnews.com/coin/","","index, follow, max-image-preview:large, max-snippet:-1, max-video-preview:-1","","","","",""
"https://tokentopnews.com/coin/litecoin/","1","Non-Indexable","Canonicalised","https://tokentopnews.com/coin/","","index, follow, max-image-preview:large, max-snippet:-1, max-video-preview:-1","","","","",""
"https://tokentopnews.com/coin/tether-gold/","1","Non-Indexable","Canonicalised","https://tokentopnews.com/coin/","","index, follow, max-image-preview:large, max-snippet:-1, max-video-preview:-1","","","","",""
"https://tokentopnews.com/coin/stable/","1","Non-Indexable","Canonicalised","https://tokentopnews.com/coin/","","index, follow, max-image-preview:large, max-snippet:-1, max-video-preview:-1","","","","",""
"https://tokentopnews.com/coin/pump-fun/","1","Non-Indexable","Canonicalised","https://tokentopnews.com/coin/","","index, follow, max-image-preview:large, max-snippet:-1, max-video-preview:-1","","","","",""
"https://tokentopnews.com/coin/morpho/","1","Non-Indexable","Canonicalised","https://tokentopnews.com/coin/","","index, follow, max-image-preview:large, max-snippet:-1, max-video-preview:-1","","","","",""
"https://tokentopnews.com/coin/bitcoin/","1","Non-Indexable","Canonicalised","https://tokentopnews.com/coin/","","index, follow, max-image-preview:large, max-snippet:-1, max-video-preview:-1","","","","",""
"https://tokentopnews.com/coin/pi/","1","Non-Indexable","Canonicalised","https://tokentopnews.com/coin/","","index, follow, max-image-preview:large, max-snippet:-1, max-video-preview:-1","","","","",""
"https://tokentopnews.com/coin/hedera/","1","Non-Indexable","Canonicalised","https://tokentopnews.com/coin/","","index, follow, max-image-preview:large, max-snippet:-1, max-video-preview:-1","","","","",""
"https://tokentopnews.com/coin/chainlink/","1","Non-Indexable","Canonicalised","https://tokentopnews.com/coin/","","index, follow, max-image-preview:large, max-snippet:-1, max-video-preview:-1","","","","",""
"https://tokentopnews.com/coin/eurc/","1","Non-Indexable","Canonicalised","https://tokentopnews.com/coin/","","index, follow, max-image-preview:large, max-snippet:-1, max-video-preview:-1","","","","",""
