"Address","Occurrences","Meta Description 1","Meta Description 1 Length","Meta Description 1 Pixel Width","Indexability","Indexability Status"
"https://tokentopnews.com/bretts-early-buyers-made-bank-will-you-again-miss-the-900-presale-roi-on-this-top-new-meme-coin-to-invest-in-now/","1","Arctic Pablo Coin is capturing the meme coin market’s attention with its adventurous branding, structured tokenomics, and near-complete presale that’s poised for a significant ROI at launch. For investors who regret missing Brett’s early days, APC offers a second chance at low entry with high upside potential. Backed by a 66% APY staking program, deflationary burns, and an engaged global community, APC has positioned itself as the Top New Meme Coin to Invest in Now. With the presale almost over, hesitation could mean missing another rare market moment. - Latest update from TokenTopNews","592","3716","Indexable",""
"https://tokentopnews.com/bretts-early-buyers-made-bank-will-you-again-miss-the-900-presale-roi-on-this-top-new-meme-coin-to-invest-in-now-2/","1","Arctic Pablo Coin is capturing the meme coin market’s attention with its adventurous branding, structured tokenomics, and near-complete presale that’s poised for a significant ROI at launch. For investors who regret missing Brett’s early days, APC offers a second chance at low entry with high upside potential. Backed by a 66% APY staking program, deflationary burns, and an engaged global community, APC has positioned itself as the Top New Meme Coin to Invest in Now. With the presale almost over, hesitation could mean missing another rare market moment. - Latest update from TokenTopNews","592","3716","Indexable",""
"https://tokentopnews.com/why-apeing-is-the-best-crypto-to-watch-over-spx6900-cheems-2/","1","Best crypto to watch analysis comparing Apeing’s whitelist momentum with SPX6900 and Cheems market behavior. - Latest update from TokenTopNews","142","948","Indexable",""
"https://tokentopnews.com/why-apeing-is-the-best-crypto-to-watch-over-spx6900-cheems/","1","Best crypto to watch analysis comparing Apeing’s whitelist momentum with SPX6900 and Cheems market behavior. - Latest update from TokenTopNews","142","948","Indexable",""
"https://tokentopnews.com/apeing-tops-best-altcoin-picks-litecoin-and-tron-insights/","1","Bitcoin slides 4.5% with $652M liquidations; Apeing leads best altcoin picks while Litecoin and Tron show resilience in market volatility. - Latest update from TokenTopNews","172","1054","Indexable",""
"https://tokentopnews.com/apeing-tops-best-altcoin-picks-litecoin-and-tron-insights-2/","1","Bitcoin slides 4.5% with $652M liquidations; Apeing leads best altcoin picks while Litecoin and Tron show resilience in market volatility. - Latest update from TokenTopNews","172","1054","Indexable",""
"https://tokentopnews.com/coinbase-bitcoin-backed-mortgage-2/","1","Coinbase announces bitcoin-backed mortgages, letting U.S. holders use BTC as collateral to purchase a home without liquidating their portfolio or triggering capital gains. - Latest update from TokenTopNews","205","1276","Indexable",""
"https://tokentopnews.com/coinbase-bitcoin-backed-mortgage/","1","Coinbase announces bitcoin-backed mortgages, letting U.S. holders use BTC as collateral to purchase a home without liquidating their portfolio or triggering capital gains. - Latest update from TokenTopNews","205","1276","Indexable",""
"https://tokentopnews.com/crypto-whitelist-shift-apeing-leads-over-xrp-and-ltc-2/","1","Disclosure: The content below was paid for and produced by a third party. It does not represent editorial content and should not be considered financial - Latest update from TokenTopNews","186","1160","Indexable",""
"https://tokentopnews.com/next-1000x-crypto-apemars-aprz-vs-dogwifhat-vs-pudgy-penguins-2/","1","Disclosure: The content below was paid for and produced by a third party. It does not represent editorial content and should not be considered financial - Latest update from TokenTopNews","186","1160","Indexable",""
"https://tokentopnews.com/1000x-meme-coin-watchlist-apemars-stage-2-is-live-2/","1","Disclosure: The content below was paid for and produced by a third party. It does not represent editorial content and should not be considered financial - Latest update from TokenTopNews","186","1160","Indexable",""
"https://tokentopnews.com/dont-miss-apemars-presale-top-crypto-coins-to-invest-in-2/","1","Disclosure: The content below was paid for and produced by a third party. It does not represent editorial content and should not be considered financial - Latest update from TokenTopNews","186","1160","Indexable",""
"https://tokentopnews.com/10-top-100x-meme-coins-apemars-presale-accelerates-2/","1","Disclosure: The content below was paid for and produced by a third party. It does not represent editorial content and should not be considered financial - Latest update from TokenTopNews","186","1160","Indexable",""
"https://tokentopnews.com/low-cap-meme-coins-heating-up-market-buzz-with-apemars/","1","Discover low cap meme coins gaining traction in Market News Today, including APEMARS and rising contenders delivering early entry potential. - Latest update from TokenTopNews","174","1111","Indexable",""
"https://tokentopnews.com/low-cap-meme-coins-heating-up-market-buzz-with-apemars-2/","1","Discover low cap meme coins gaining traction in Market News Today, including APEMARS and rising contenders delivering early entry potential. - Latest update from TokenTopNews","174","1111","Indexable",""
"https://tokentopnews.com/altcoin-trader-alert-best-altcoins-to-invest-apemars-cardano-litecoin-2/","1","Discover the best altcoins to invest in February 2026. APEMARS Stage 9 presale offers 6,900%+ ROI potential, while ADA and LTC deliver proven utility. - Latest update from TokenTopNews","184","1154","Indexable",""
"https://tokentopnews.com/altcoin-trader-alert-best-altcoins-to-invest-apemars-cardano-litecoin/","1","Discover the best altcoins to invest in February 2026. APEMARS Stage 9 presale offers 6,900%+ ROI potential, while ADA and LTC deliver proven utility. - Latest update from TokenTopNews","184","1154","Indexable",""
"https://tokentopnews.com/apeing-tops-the-list-of-best-presale-crypto-projects-2/","1","Discover the best presale crypto projects. Analyze Apeing 10,000% ROI potential against FLOKI and Bonk. Join the Apeing whitelist now! - Latest update from TokenTopNews","168","1068","Indexable",""
"https://tokentopnews.com/apeing-tops-the-list-of-best-presale-crypto-projects/","1","Discover the best presale crypto projects. Analyze Apeing 10,000% ROI potential against FLOKI and Bonk. Join the Apeing whitelist now! - Latest update from TokenTopNews","168","1068","Indexable",""
"https://tokentopnews.com/best-crypto-to-invest-in-right-now-apemars-presale-vs-solana-vs-toncoin-2/","1","Discover why APEMARS ($APRZ) presale is creating massive buzz as the best crypto to invest in, compared with Solana and Toncoin. Presale live with 26,500% ROI potential. - Latest update from TokenTopNews","203","1296","Indexable",""
"https://tokentopnews.com/best-crypto-to-invest-in-right-now-apemars-presale-vs-solana-vs-toncoin/","1","Discover why APEMARS ($APRZ) presale is creating massive buzz as the best crypto to invest in, compared with Solana and Toncoin. Presale live with 26,500% ROI potential. - Latest update from TokenTopNews","203","1296","Indexable",""
"https://tokentopnews.com/moonbull-vs-popcat-vs-baby-doge-coin-top-1000x-crypto-picks-of-2025/","1","Explore MoonBull’s whitelist perks, Popcat’s trading buzz, and Baby Doge Coin’s niche-driven rise in the battle for the next 1000x crypto breakout. - Latest update from TokenTopNews","181","1124","Indexable",""
"https://tokentopnews.com/moonbull-vs-popcat-vs-baby-doge-coin-top-1000x-crypto-picks-of-2025-2/","1","Explore MoonBull’s whitelist perks, Popcat’s trading buzz, and Baby Doge Coin’s niche-driven rise in the battle for the next 1000x crypto breakout. - Latest update from TokenTopNews","181","1124","Indexable",""
"https://tokentopnews.com/best-meme-coins-top-crypto-presale-apemars-doge-shib-2/","1","Explore the best meme coins and top crypto presale: APEMARS Stage 9 live, DOGE resilience, SHIB ecosystem growth, 6,900%+ ROI potential in Feb 2026. - Latest update from TokenTopNews","182","1171","Indexable",""
"https://tokentopnews.com/best-meme-coins-top-crypto-presale-apemars-doge-shib/","1","Explore the best meme coins and top crypto presale: APEMARS Stage 9 live, DOGE resilience, SHIB ecosystem growth, 6,900%+ ROI potential in Feb 2026. - Latest update from TokenTopNews","182","1171","Indexable",""
"https://tokentopnews.com/directory/","1","- Find out more at TokenTopNews","31","209","Indexable",""
"https://tokentopnews.com/directory/companies/","1","- Find out more at TokenTopNews","31","209","Indexable",""
"https://tokentopnews.com/coin/","1","- Find out more at TokenTopNews","31","209","Indexable",""
"https://tokentopnews.com/directory/people/","1","- Find out more at TokenTopNews","31","209","Indexable",""
"https://tokentopnews.com/missed-floki-discover-apemars-among-top-meme-coins-2026/","1","Invest in APEMARS ($APRZ) Stage 9 presale now, one of the top meme coins 2026! Price $0.00007841, ROI potential 6,900%, don’t miss out! - Latest update from TokenTopNews","169","1095","Indexable",""
"https://tokentopnews.com/missed-floki-discover-apemars-among-top-meme-coins-2026-2/","1","Invest in APEMARS ($APRZ) Stage 9 presale now, one of the top meme coins 2026! Price $0.00007841, ROI potential 6,900%, don’t miss out! - Latest update from TokenTopNews","169","1095","Indexable",""
"https://tokentopnews.com/apeing-ranks-as-next-best-crypto-presale-babydoge-ape-hold/","1","Join the Apeing whitelist to access the next best crypto presale, while Baby Doge Coin & Apecoin continue driving gains in 2025. - Latest update from TokenTopNews","162","1013","Indexable",""
"https://tokentopnews.com/apeing-ranks-as-next-best-crypto-presale-babydoge-ape-hold-2/","1","Join the Apeing whitelist to access the next best crypto presale, while Baby Doge Coin & Apecoin continue driving gains in 2025. - Latest update from TokenTopNews","162","1013","Indexable",""
"https://tokentopnews.com/best-meme-coin-presale-in-2026-apemars-aprz-vs-dogecoin-vs-brett-2/","1","Looking for the best meme coin presale? Compare APEMARS ($APRZ) with Dogecoin and Brett. Presale is live, Stage 2 price is tiny, and ROI from Stage 2 could reach 26,500%. - Latest update from TokenTopNews","204","1302","Indexable",""
"https://tokentopnews.com/best-meme-coin-presale-in-2026-apemars-aprz-vs-dogecoin-vs-brett/","1","Looking for the best meme coin presale? Compare APEMARS ($APRZ) with Dogecoin and Brett. Presale is live, Stage 2 price is tiny, and ROI from Stage 2 could reach 26,500%. - Latest update from TokenTopNews","204","1302","Indexable",""
"https://tokentopnews.com/new-crypto-coins-shift-apeing-rises-as-ada-and-ton-hold/","1","New crypto coins are shifting as Apeing draws early focus while Cardano and Toncoin stay steady. Market signals, stats, and early entry dynamics explained. - Latest update from TokenTopNews","189","1197","Indexable",""
"https://tokentopnews.com/new-crypto-coins-shift-apeing-rises-as-ada-and-ton-hold-2/","1","New crypto coins are shifting as Apeing draws early focus while Cardano and Toncoin stay steady. Market signals, stats, and early entry dynamics explained. - Latest update from TokenTopNews","189","1197","Indexable",""
"https://tokentopnews.com/riot-sells-bitcoin-for-ai-expansion/","1","Riot Platforms sold $200 million in Bitcoin to fund AI data center development, reflecting a strategic financial shift. - Latest update from TokenTopNews","153","932","Indexable",""
"https://tokentopnews.com/riot-sells-bitcoin-for-ai-expansion-2/","1","Riot Platforms sold $200 million in Bitcoin to fund AI data center development, reflecting a strategic financial shift. - Latest update from TokenTopNews","153","932","Indexable",""
"https://tokentopnews.com/spot-bitcoin-etf-outflows-171-million-march-26-2026/","1","U.S. spot Bitcoin ETFs recorded $171 million in net outflows on March 26, 2026, while spot Ethereum ETFs posted $92.54 million. See the full fund-by-fund breakdown. - Latest update from TokenTopNews","198","1253","Indexable",""
"https://tokentopnews.com/spot-bitcoin-etf-outflows-171-million-march-26-2026-2/","1","U.S. spot Bitcoin ETFs recorded $171 million in net outflows on March 26, 2026, while spot Ethereum ETFs posted $92.54 million. See the full fund-by-fund breakdown. - Latest update from TokenTopNews","198","1253","Indexable",""
"https://tokentopnews.com/top-10-meme-coins-in-2025-that-could-melt-faces-in-the-next-bull-run/","1","What if the next wave of digital wealth came from coins that started as internet jokes but evolved into global phenomena? The meteoric rise of meme coins has transformed speculative tokens into headline-making investments. From playful beginnings to serious returns, these digital assets are rewriting the rules of market momentum and investor psychology. This guide explores the top 10 meme coins in 2025, with one in particular already sparking intense anticipation among traders worldwide. - Latest update from TokenTopNews","526","3287","Indexable",""
"https://tokentopnews.com/top-10-meme-coins-in-2025-that-could-melt-faces-in-the-next-bull-run-2/","1","What if the next wave of digital wealth came from coins that started as internet jokes but evolved into global phenomena? The meteoric rise of meme coins has transformed speculative tokens into headline-making investments. From playful beginnings to serious returns, these digital assets are rewriting the rules of market momentum and investor psychology. This guide explores the top 10 meme coins in 2025, with one in particular already sparking intense anticipation among traders worldwide. - Latest update from TokenTopNews","526","3287","Indexable",""
"https://tokentopnews.com/xrp-etf-breakout-2025-trends-2/","1","XRP outperforms Bitcoin in light of new ETF filings, hinting at possible breakout. - Latest update from TokenTopNews","116","722","Indexable",""
"https://tokentopnews.com/xrp-etf-breakout-2025-trends/","1","XRP outperforms Bitcoin in light of new ETF filings, hinting at possible breakout. - Latest update from TokenTopNews","116","722","Indexable",""
