"Address","Occurrences","Title 1","Title 1 Length","Title 1 Pixel Width","Indexability","Indexability Status"
"https://tokentopnews.com/uncategorized/","1","% - News - TokenTopNews","23","236","Indexable",""
"https://tokentopnews.com/macro/","1","% - News - TokenTopNews","23","236","Indexable",""
"https://tokentopnews.com/narratives/","1","% - News - TokenTopNews","23","236","Indexable",""
"https://tokentopnews.com/blockchain-event/","1","% - News - TokenTopNews","23","236","Indexable",""
"https://tokentopnews.com/1000x-meme-coin-watchlist-apemars-stage-2-is-live-3/","1","1000x Meme Coin Watchlist: APEMARS Stage 2 Is Live - TokenTopNews","65","641","Indexable",""
"https://tokentopnews.com/1000x-meme-coin-watchlist-apemars-stage-2-is-live-2/","1","1000x Meme Coin Watchlist: APEMARS Stage 2 Is Live - TokenTopNews","65","641","Indexable",""
"https://tokentopnews.com/10-top-100x-meme-coins-apemars-presale-accelerates-2/","1","10 Top 100x Meme Coins: APEMARS Presale Accelerates - TokenTopNews","66","666","Indexable",""
"https://tokentopnews.com/10-top-100x-meme-coins-apemars-presale-accelerates-3/","1","10 Top 100x Meme Coins: APEMARS Presale Accelerates - TokenTopNews","66","666","Indexable",""
"https://tokentopnews.com/altcoin-trader-alert-best-altcoins-to-invest-apemars-cardano-litecoin-2/","1","Altcoin Trader Alert: Missed Cardano & Litecoin’s Epic Runs? APEMARS Is the Best Altcoin to Invest in February, Stage 9 Closing with 6,900%+ ROI - TokenTopNews","159","1444","Indexable",""
"https://tokentopnews.com/altcoin-trader-alert-best-altcoins-to-invest-apemars-cardano-litecoin/","1","Altcoin Trader Alert: Missed Cardano & Litecoin’s Epic Runs? APEMARS Is the Best Altcoin to Invest in February, Stage 9 Closing with 6,900%+ ROI - TokenTopNews","159","1444","Indexable",""
"https://tokentopnews.com/bretts-early-buyers-made-bank-will-you-again-miss-the-900-presale-roi-on-this-top-new-meme-coin-to-invest-in-now/","1","Brett’s Early Buyers Made Bank—Will You Again Miss the 900% Presale ROI on This Top New Meme Coin to Invest in Now? - TokenTopNews","130","1235","Indexable",""
"https://tokentopnews.com/bretts-early-buyers-made-bank-will-you-again-miss-the-900-presale-roi-on-this-top-new-meme-coin-to-invest-in-now-2/","1","Brett’s Early Buyers Made Bank—Will You Again Miss the 900% Presale ROI on This Top New Meme Coin to Invest in Now? - TokenTopNews","130","1235","Indexable",""
"https://tokentopnews.com/coinbase-bitcoin-backed-mortgage-2/","1","Coinbase Bitcoin-Backed Mortgage Lets Americans Buy Homes Without Selling BTC - TokenTopNews","92","899","Indexable",""
"https://tokentopnews.com/coinbase-bitcoin-backed-mortgage/","1","Coinbase Bitcoin-Backed Mortgage Lets Americans Buy Homes Without Selling BTC - TokenTopNews","92","899","Indexable",""
"https://tokentopnews.com/coindesk-20-index-market-decline/","1","CoinDesk 20 Index Declines Amid Market Downturn - TokenTopNews","62","611","Indexable",""
"https://tokentopnews.com/coindesk-20-index-market-decline-bitcoin/","1","CoinDesk 20 Index Declines Amid Market Downturn - TokenTopNews","62","611","Indexable",""
"https://tokentopnews.com/crypto-whitelist-shift-apeing-leads-over-xrp-and-ltc-3/","1","Crypto Whitelist Shift: Apeing Leads Over XRP and LTC - TokenTopNews","68","644","Indexable",""
"https://tokentopnews.com/crypto-whitelist-shift-apeing-leads-over-xrp-and-ltc-2/","1","Crypto Whitelist Shift: Apeing Leads Over XRP and LTC - TokenTopNews","68","644","Indexable",""
"https://tokentopnews.com/missed-floki-discover-apemars-among-top-meme-coins-2026/","1","Didn’t Ride Floki and Pump.fun? Latest Cryptocurrency News Reveals APEMARS as the Top Meme Coin 2026 - Set for 6,900% ROI - TokenTopNews","136","1298","Indexable",""
"https://tokentopnews.com/missed-floki-discover-apemars-among-top-meme-coins-2026-2/","1","Didn’t Ride Floki and Pump.fun? Latest Cryptocurrency News Reveals APEMARS as the Top Meme Coin 2026 - Set for 6,900% ROI - TokenTopNews","136","1298","Indexable",""
"https://tokentopnews.com/best-meme-coins-top-crypto-presale-apemars-doge-shib-2/","1","Dogecoin & Shiba Inu Hold Headlines, But APEMARS Stage 9 Is the Top Crypto Presale among Best Meme Coins for Explosive Gains - TokenTopNews","139","1323","Indexable",""
"https://tokentopnews.com/best-meme-coins-top-crypto-presale-apemars-doge-shib/","1","Dogecoin & Shiba Inu Hold Headlines, But APEMARS Stage 9 Is the Top Crypto Presale among Best Meme Coins for Explosive Gains - TokenTopNews","139","1323","Indexable",""
"https://tokentopnews.com/dont-miss-apemars-presale-top-crypto-coins-to-invest-in-2/","1","Don’t Miss APEMARS Presale - Top Crypto Coins to Invest In - TokenTopNews","73","688","Indexable",""
"https://tokentopnews.com/dont-miss-apemars-presale-top-crypto-coins-to-invest-in-3/","1","Don’t Miss APEMARS Presale - Top Crypto Coins to Invest In - TokenTopNews","73","688","Indexable",""
"https://tokentopnews.com/low-cap-meme-coins-heating-up-market-buzz-with-apemars/","1","Market News Today: Among Top 5 Coins, APEMARS' Low-Cap Meme Coin Presale Aims 6,914% Gains - 11.8B Tokens Flown Off - TokenTopNews","130","1284","Indexable",""
"https://tokentopnews.com/low-cap-meme-coins-heating-up-market-buzz-with-apemars-2/","1","Market News Today: Among Top 5 Coins, APEMARS' Low-Cap Meme Coin Presale Aims 6,914% Gains - 11.8B Tokens Flown Off - TokenTopNews","130","1284","Indexable",""
"https://tokentopnews.com/moonbull-vs-popcat-vs-baby-doge-coin-top-1000x-crypto-picks-of-2025/","1","MoonBull vs Popcat vs Baby Doge Coin: Top 1000x Crypto Picks of 2025 - TokenTopNews","83","791","Indexable",""
"https://tokentopnews.com/moonbull-vs-popcat-vs-baby-doge-coin-top-1000x-crypto-picks-of-2025-2/","1","MoonBull vs Popcat vs Baby Doge Coin: Top 1000x Crypto Picks of 2025 - TokenTopNews","83","791","Indexable",""
"https://tokentopnews.com/next-1000x-crypto-apemars-aprz-vs-dogwifhat-vs-pudgy-penguins-2/","1","Next 1000x Crypto: APEMARS ($APRZ) vs Dogwifhat vs Pudgy Penguins - TokenTopNews","80","794","Indexable",""
"https://tokentopnews.com/next-1000x-crypto-apemars-aprz-vs-dogwifhat-vs-pudgy-penguins-3/","1","Next 1000x Crypto: APEMARS ($APRZ) vs Dogwifhat vs Pudgy Penguins - TokenTopNews","80","794","Indexable",""
"https://tokentopnews.com/riot-sells-bitcoin-for-ai-expansion/","1","Riot Sells $200M in Bitcoin for AI Expansion - TokenTopNews","59","540","Indexable",""
"https://tokentopnews.com/riot-sells-bitcoin-for-ai-expansion-2/","1","Riot Sells $200M in Bitcoin for AI Expansion - TokenTopNews","59","540","Indexable",""
"https://tokentopnews.com/spot-bitcoin-etf-outflows-171-million-march-26-2026/","1","Spot Bitcoin ETFs Record $171M Net Outflows on March 26 as Ethereum ETFs See $92.54M - TokenTopNews","99","969","Indexable",""
"https://tokentopnews.com/spot-bitcoin-etf-outflows-171-million-march-26-2026-2/","1","Spot Bitcoin ETFs Record $171M Net Outflows on March 26 as Ethereum ETFs See $92.54M - TokenTopNews","99","969","Indexable",""
"https://tokentopnews.com/telegram-multi-channel-join-feature-crypto/","1","Telegram Introduces Multi-Channel Join Feature - TokenTopNews","61","586","Indexable",""
"https://tokentopnews.com/telegram-launches-multi-channel-join-feature/","1","Telegram Introduces Multi-Channel Join Feature - TokenTopNews","61","586","Indexable",""
"https://tokentopnews.com/top-10-meme-coins-in-2025-that-could-melt-faces-in-the-next-bull-run/","1","Top 10 Meme Coins in 2025 That Could Melt Faces in the Next Bull Run - TokenTopNews","83","787","Indexable",""
"https://tokentopnews.com/top-10-meme-coins-in-2025-that-could-melt-faces-in-the-next-bull-run-2/","1","Top 10 Meme Coins in 2025 That Could Melt Faces in the Next Bull Run - TokenTopNews","83","787","Indexable",""
"https://tokentopnews.com/trump-pressures-fed-rate-policy/","1","Trump Pressures Fed for Interest Rate Cuts - TokenTopNews","57","543","Indexable",""
"https://tokentopnews.com/trump-interest-rate-cuts-federal-reserve/","1","Trump Pressures Fed for Interest Rate Cuts - TokenTopNews","57","543","Indexable",""
"https://tokentopnews.com/usdc-treasury-mints-250m-on-solana/","1","USDC Treasury Mints 250 Million USDC on Solana - TokenTopNews","61","595","Indexable",""
"https://tokentopnews.com/usdc-treasury-mint-solana-250m/","1","USDC Treasury Mints 250 Million USDC on Solana - TokenTopNews","61","595","Indexable",""
"https://tokentopnews.com/vitalik-buterin-ethereum-decentralization-warning/","1","Vitalik Buterin Warns Ethereum on Decentralization Risks - TokenTopNews","71","664","Indexable",""
"https://tokentopnews.com/vitalik-buterin-ethereum-decentralization-risks/","1","Vitalik Buterin Warns Ethereum on Decentralization Risks - TokenTopNews","71","664","Indexable",""
"https://tokentopnews.com/xrp-etf-breakout-2025-trends-2/","1","XRP Surges as ETF Filings Create Breakout Setup - TokenTopNews","62","595","Indexable",""
"https://tokentopnews.com/xrp-etf-breakout-2025-trends/","1","XRP Surges as ETF Filings Create Breakout Setup - TokenTopNews","62","595","Indexable",""
