Trang hàng đầu,Lượt nhấp,Lượt hiển thị,CTR,Vị trí
https://coinlineup.com/,152,659,23.07%,3.51
https://coinlineup.com/currencies/CAIR/crypto-ai-robo/USD/,2,8,25%,19.12
https://coinlineup.com/currencies/TAI/tars-protocol/USD,2,3,66.67%,11.67
https://coinlineup.com/about/,1,34,2.94%,2.12
https://coinlineup.com/ethereum-investors-profit-market-rally/,1,3,33.33%,34.33
https://coinlineup.com/currencies/FLOCK/flock-io/USD,1,2,50%,27
https://coinlineup.com/currencies/HAEDAL/haedal-protocol/USD,1,1,100%,32
https://coinlineup.com/news/,0,83,0%,1.48
https://coinlineup.com/markets/,0,83,0%,1.72
https://coinlineup.com/guides/,0,82,0%,1.16
https://coinlineup.com/house-blocks-crypto-bill-despite-trump/,0,82,0%,44.82
https://coinlineup.com/arctic-pablo-gigachad-ponke-top-meme-coins-to-invest-in-this-week/,0,68,0%,73.91
https://coinlineup.com/cryptocurrency-converter-tool/,0,67,0%,1.99
https://coinlineup.com/bitmine-options-ethereum-acquisition/,0,59,0%,46.64
https://coinlineup.com/nicehash-on-bitcoins-journey-from-pizza-to-currency/,0,51,0%,60.82
https://coinlineup.com/eth-whale-loses-710k-closes-position/,0,46,0%,57.17
https://coinlineup.com/ltc-hype-price-trends-plus-blockdags-double-your-bdag-deal-in-focus/,0,40,0%,55.12
https://coinlineup.com/synthetix-legacy-snx-staking-liquidation/,0,40,0%,66.12
https://coinlineup.com/webus-ripple-100m-equity-line-xrp/,0,37,0%,51.3
https://coinlineup.com/trump-tariff-pause-bitcoin-impact-2025/,0,36,0%,3.83
https://coinlineup.com/cz-hodl-message-impact-crypto-market/,0,33,0%,41.67
https://coinlineup.com/south-africa-first-nft-platform-closure/,0,33,0%,62.82
https://coinlineup.com/bitwise-us-crypto-legislation-mainstream/,0,30,0%,53.6
https://coinlineup.com/strive-750m-bitcoin-alpha-strategy/,0,30,0%,56.3
https://coinlineup.com/currencies/COMBO/cocos-bcx/,0,29,0%,2.76
https://coinlineup.com/tether-ceo-no-ipo-plans-confirmed/,0,26,0%,69.42
https://coinlineup.com/binance-nkn-broccoli-funding-rate-updates/,0,24,0%,74.5
https://coinlineup.com/bitcoin-falls-liquidations-market-impact/,0,23,0%,61.74
https://coinlineup.com/brazil-central-bank-drex-pilot-phase/,0,21,0%,67.33
https://coinlineup.com/bitcoin-etf-inflows-may-2025/,0,21,0%,77.14
https://coinlineup.com/digitalx-investment-bitcoin-reserves-expansion/,0,20,0%,75.6
https://coinlineup.com/vested-xor-price-surges-to-new-heights-in-crypto/,0,19,0%,47.11
https://coinlineup.com/bonk-took-off-hop-on-the-moonbull-whitelist-before-the-bull-runs-one-of-the-top-meme-coins-to-watch/,0,19,0%,60.21
https://coinlineup.com/microstrategy-bitcoin-purchase-a-good-sign-for/,0,18,0%,58.61
https://coinlineup.com/binance-alpha-token-listing-account-policy/,0,18,0%,64.44
https://coinlineup.com/whale-sells-4million-fartcoin-usdc/,0,17,0%,56.82
https://coinlineup.com/xrp-whales-buy-surge/,0,17,0%,57.12
https://coinlineup.com/currencies/XYO/xyo-network/USD,0,17,0%,84.59
https://coinlineup.com/cme-group-xrp-futures-launch/,0,16,0%,3.06
https://coinlineup.com/tag/unstaked/,0,15,0%,2
https://coinlineup.com/currencies/HONEY/hivemapper/USD/,0,14,0%,83.36
https://coinlineup.com/blockchain-group-eu-bitcoin-raise/,0,14,0%,84.86
https://coinlineup.com/okb-surges-ldo-declines-market-activity/,0,13,0%,35.92
https://coinlineup.com/bsc-foundation-buys-ecosystem-tokens/,0,13,0%,41.46
https://coinlineup.com/missed-stellar-one-of-the-top-altcoins-for-massive-return-potential-could-list-at-0-4-in-days/,0,13,0%,46.31
https://coinlineup.com/deepseek-ai-security-market-impact/,0,13,0%,51.08
https://coinlineup.com/best-altcoins-to-invest-in-now-qubetics-filecoin-and-polkadot-offer-strong-utility-in-2025/,0,13,0%,70.38
https://coinlineup.com/currencies/JST/just/USD/,0,12,0%,15.08
https://coinlineup.com/currencies/STRD/stride/USD,0,12,0%,46.83
https://coinlineup.com/notcoin-price-prediction-can-it-double-by-2026-or-will-troller-cats-531-hit-sooner/,0,12,0%,61.58
https://coinlineup.com/tag/bitcoin-affiliate-program/,0,11,0%,12.55
https://coinlineup.com/contacts/,0,10,0%,3
https://coinlineup.com/regret-missing-dogwifhat-this-presale-can-turn-your-100-into-millions-in-a-few-months/,0,10,0%,3.5
https://coinlineup.com/login/,0,10,0%,3.7
https://coinlineup.com/currencies/ZYN/zynecoin/USD,0,10,0%,36.2
https://coinlineup.com/currencies/MEMEFI/meme-fi/,0,10,0%,81.8
https://coinlineup.com/whale-0x3c9e-eth-defi-deposit/,0,9,0%,18.78
https://coinlineup.com/currencies/TOKEN/tokenfi/USD/,0,9,0%,25.44
https://coinlineup.com/usdc-treasury-mints-92-million-ethereum/,0,9,0%,45.78
https://coinlineup.com/compound-team-comp-transfer-exchange/,0,9,0%,74.11
https://coinlineup.com/currencies/BZZ/swarm-bzz/USD,0,9,0%,83.67
https://coinlineup.com/currencies/COMBO/cocos-bcx/USD,0,8,0%,5
https://coinlineup.com/fasset-own-tokenizes-us-equities-defi/,0,8,0%,6.62
https://coinlineup.com/currencies/UNP/unipoly/USD/,0,8,0%,7.38
https://coinlineup.com/mercado-bitcoin-wormhole-cross-chain-tokenization/,0,8,0%,12
https://coinlineup.com/link-price-analysis-doge-holds-0-21-blockdag-300-dapps-pre-listing/,0,8,0%,19.25
https://coinlineup.com/polygon-global-usdc-user-growth-record/,0,8,0%,38.75
https://coinlineup.com/ada-breakout-sui-rally-cold-wallet-roi-which-crypto-will-explode/,0,8,0%,50.75
https://coinlineup.com/el-salvador-boosts-bitcoin-holdings-strategically/,0,8,0%,54.5
https://coinlineup.com/benchmark-semler-scientific-buy-rating-bitcoin/,0,8,0%,56.12
https://coinlineup.com/my-account/,0,7,0%,8
https://coinlineup.com/currencies/PAW/pawswap/USD,0,7,0%,18
https://coinlineup.com/currencies/MAK/metacene/USD,0,7,0%,20.71
https://coinlineup.com/cannes-mayor-crypto-ethcc-payment-initiative/,0,7,0%,49.29
https://coinlineup.com/us-bitcoin-miners-tariff-cost-increase/,0,7,0%,61.57
https://coinlineup.com/currencies/RBT/ribbit-2/USD/,0,7,0%,71.86
https://coinlineup.com/currencies/SPC/spacechain/USD,0,6,0%,2
https://coinlineup.com/currencies/UMT/unitymeta/USD/,0,6,0%,2.67
https://coinlineup.com/currencies/XCV/xcarnival/USD/,0,6,0%,3
https://coinlineup.com/currencies/FARTBOY/fartboy/USD/,0,6,0%,3.5
https://coinlineup.com/currencies/LUCE/luce/USD/,0,6,0%,9
https://coinlineup.com/jeffrey-huang-ethereum-loss-positions-closed/,0,6,0%,21.17
https://coinlineup.com/binance-coin-surpasses-blackrock-value/,0,6,0%,47.5
https://coinlineup.com/vitalik-buterin-ethereum-digital-cash-backup/,0,6,0%,56.33
https://coinlineup.com/buildpad-sahara-community-contribution-extends/,0,6,0%,57.33
https://coinlineup.com/vaneck-bitcoin-180k-prediction-2023/,0,5,0%,4.8
https://coinlineup.com/cmc/,0,5,0%,8
https://coinlineup.com/content-disclaimer/,0,5,0%,8.2
https://coinlineup.com/markets/stock-market/,0,5,0%,9
https://coinlineup.com/guides/bitcoin/,0,5,0%,9.6
https://coinlineup.com/usd1-stablecoin-binance-surge/,0,5,0%,27.4
https://coinlineup.com/bitcoin-price-etf-flows-fed-influence/,0,5,0%,30.8
https://coinlineup.com/us-bank-resumes-crypto-custody-with-nydig/,0,5,0%,46.2
https://coinlineup.com/top-cryptos-to-buy-now-arctic-pablo-official-trump-fartboy/,0,5,0%,51.2
https://coinlineup.com/michael-saylor-bitcoin-purchase-plans-may-2025/,0,5,0%,71.8
https://coinlineup.com/gamestop-bitcoin-treasury-integration/,0,4,0%,1
https://coinlineup.com/how-cpi-reports-affects-crypto-market-and-why/,0,4,0%,2
https://coinlineup.com/currencies/COMBO/cocos-bcx/USD/,0,4,0%,3
https://coinlineup.com/tag/simple-tips-to-buy-crypto/,0,4,0%,3
https://coinlineup.com/guides/blockchain/,0,4,0%,5
https://coinlineup.com/currencies/BST/blocksquare/,0,4,0%,7.75
https://coinlineup.com/submit-ad/,0,4,0%,8.75
https://coinlineup.com/affiliate-disclaimer/,0,4,0%,9.5
https://coinlineup.com/terms-conditions/,0,4,0%,9.5
https://coinlineup.com/us-debt-scheme-stablecoin-allegation/,0,4,0%,63.5
https://coinlineup.com/currencies/KLV/klever/USD,0,4,0%,83.75
https://coinlineup.com/letsbonk-fun-800k-initial-revenue/,0,3,0%,1
https://coinlineup.com/tag/best-crypto-trading-strategy/,0,3,0%,2
https://coinlineup.com/tag/investment-strategy/,0,3,0%,2.67
https://coinlineup.com/tag/risk-management-in-crypto/,0,3,0%,2.67
https://coinlineup.com/blockchain-ecosystem-analysis-how-its-shaping-the-future/,0,3,0%,4.67
https://coinlineup.com/currencies/FDUSD/first-digital-usd/,0,3,0%,5.67
https://coinlineup.com/future-of-nfts-how-nfts-art-changing-the-art-world/,0,3,0%,7
https://coinlineup.com/wp-content/uploads/2026/01/image-105.png,0,3,0%,16.33
https://coinlineup.com/token2049-dubai-industry-leaders-2025/,0,3,0%,19
https://coinlineup.com/ethereum-whale-liquidates-eth-position/,0,3,0%,57.67
https://coinlineup.com/currencies/VXV/vectorspace/USD/,0,3,0%,65.67
https://coinlineup.com/currencies/XPLA/xpla/USD/,0,3,0%,75.33
https://coinlineup.com/currencies/CATDOG/catdog-io/USD/,0,3,0%,92.67
https://coinlineup.com/kiyosaki-predicts-bitcoin-rise-250k-2025/,0,3,0%,97.33
https://coinlineup.com/blackrock-970m-bitcoin-purchase-via-etf/,0,2,0%,1
https://coinlineup.com/crypto-council-requests-sec-staking-guidance/,0,2,0%,1
https://coinlineup.com/ecb-cuts-interest-rates-april-2025/,0,2,0%,1
https://coinlineup.com/pi-network-price-surge-potential-crash/,0,2,0%,1
https://coinlineup.com/sui-rallies-wif-breaks-out-40-and-blockdags-x1-app-crosses-1m-users/,0,2,0%,1
https://coinlineup.com/tag/chainlink/,0,2,0%,1
https://coinlineup.com/wp-content/uploads/2026/03/2026-03-06-000000.png,0,2,0%,1.5
https://coinlineup.com/ethereum-blob-capacity-l2-transaction-growth/,0,2,0%,2
https://coinlineup.com/tag/legitimate-way-to-earn-btc/,0,2,0%,2.5
https://coinlineup.com/tag/top-platform-to-invest-crypto/,0,2,0%,2.5
https://coinlineup.com/binance-alpha-adds-bank-token-price-surge/,0,2,0%,3
https://coinlineup.com/blockdag-resets-presale-to-0-0025-polygon-jumps-44-kaspa-eyes-0-14/,0,2,0%,3
https://coinlineup.com/tag/solana-staking-etf/,0,2,0%,3
https://coinlineup.com/tag/how-to-buy-and-sell-nfts/,0,2,0%,3.5
https://coinlineup.com/china-tariff-us-goods-impact-crypto/,0,2,0%,4
https://coinlineup.com/troller-cat-hijacks-spotlight-as-trump-token-and-comedian-miss-the-punchline/,0,2,0%,4
https://coinlineup.com/tag/blockchain-in-supply-chain/,0,2,0%,4.5
https://coinlineup.com/trump-memecoin-team-moves-20m-tokens/,0,2,0%,5
https://coinlineup.com/doge-at-0-1650-pi-coin-nears-0-69-dragoin-excels-with-6700-roi/,0,2,0%,7
https://coinlineup.com/nasdaq-files-21shares-dogecoin-etf/,0,2,0%,7
https://coinlineup.com/my-follows/,0,2,0%,7.5
https://coinlineup.com/best-altcoin-to-buy-for-2025-unstaked-eth-doge-xrp/,0,2,0%,8.5
https://coinlineup.com/currencies/XAR/arcana/,0,2,0%,10.5
https://coinlineup.com/milkyway-protocol-milk-token-airdrop/,0,2,0%,11
https://coinlineup.com/privacy-policy/,0,2,0%,11
https://coinlineup.com/currencies/BST/blocksquare/USD/,0,2,0%,16
https://coinlineup.com/white-house-cryptocurrency-policy-report/,0,2,0%,21.5
https://coinlineup.com/betmgm-bc-game-and-spartans-compete-for-bettors-in-2025/,0,2,0%,22.5
https://coinlineup.com/currencies/WING/wing-finance/USD/,0,2,0%,22.5
https://coinlineup.com/nigeria-bitcoin-security-isa-2025/,0,2,0%,23.5
https://coinlineup.com/senator-bill-targets-trump-crypto-earnings/,0,2,0%,27.5
https://coinlineup.com/bitcoin-miners-ai-data-centers-jackson/,0,2,0%,32
https://coinlineup.com/tag/blockchain-trends/,0,2,0%,32
https://coinlineup.com/currencies/BTC/bitcoin/,0,2,0%,34.5
https://coinlineup.com/currencies/NDC/magic-gpt-game/USD/,0,2,0%,38.5
https://coinlineup.com/currencies/0X0/0x0-ai-ai-smart-contract/,0,2,0%,57.5
https://coinlineup.com/currencies/ZYN/zynecoin/USD/,0,2,0%,78
https://coinlineup.com/bitcoin-wallets-holding-over-100-btc-reach-17-month-high/,0,2,0%,80.5
https://coinlineup.com/arbitrum-inflows-up-ethereum-outflows/,0,2,0%,94.5
https://coinlineup.com/currencies/BST/blocksquare/USD,0,2,0%,94.5
https://coinlineup.com/currencies/ETHW/ethereum-pow-iou/USD/,0,2,0%,99
https://coinlineup.com/bitcoin-breakout-targets-90000/,0,1,0%,1
https://coinlineup.com/blockdag-rolls-back-to-0-0025-as-iota-and-xmr-recover/,0,1,0%,1
https://coinlineup.com/ethereum-steady-1800-institutional-interest/,0,1,0%,1
https://coinlineup.com/serbian-prince-bitcoin-growth-prediction/,0,1,0%,1
https://coinlineup.com/solana-key-resistance-support-levels,0,1,0%,1
https://coinlineup.com/tag/android-crypto-mining/,0,1,0%,1
https://coinlineup.com/tag/what-is-crypto-market/,0,1,0%,1
https://coinlineup.com/unstaked-shows-huge-growth-shib-eyes-0-000015-trump-aims-for-13-5/,0,1,0%,1
https://coinlineup.com/zksync-stolen-assets-recovery-governance-vote/,0,1,0%,1
https://coinlineup.com/currencies/CKP/cakepie-xyz/USD/,0,1,0%,2
https://coinlineup.com/currencies/ETF500/elon-trump-fart/USD,0,1,0%,2
https://coinlineup.com/el-salvador-nvidia-ai-partnership/,0,1,0%,2
https://coinlineup.com/news/page/25/,0,1,0%,2
https://coinlineup.com/tag/defi-strategies/,0,1,0%,2
https://coinlineup.com/tag/stock-market-analysis/,0,1,0%,2
https://coinlineup.com/tag/trading-strategies/,0,1,0%,2
https://coinlineup.com/top-crypto-projects-to-buy-now-blockdag-cold-wallet-web3-ai-unstaked/,0,1,0%,2
https://coinlineup.com/us-plan-acquire-bitcoin-reserve/,0,1,0%,2
https://coinlineup.com/vaneck-node-etf-launch-may-2025/,0,1,0%,2
https://coinlineup.com/currencies/ENA/ethena/,0,1,0%,3
https://coinlineup.com/currencies/GEKKO/gekko-ai/USD/,0,1,0%,3
https://coinlineup.com/currencies/GHX/gamercoin/,0,1,0%,3
https://coinlineup.com/currencies/PEPU/pepe-unchained/USD,0,1,0%,3
https://coinlineup.com/currencies/SPC/spacechain/USD/,0,1,0%,3
https://coinlineup.com/tag/what-are-nfts/,0,1,0%,3
https://coinlineup.com/trump-administration-crypto-initiatives/,0,1,0%,3
https://coinlineup.com/wp-content/uploads/2026/01/q1-2026-stbl-roadmap-defi-mainnet-file.jpeg,0,1,0%,3
https://coinlineup.com/tag/blockchain-technology/,0,1,0%,4
https://coinlineup.com/tag/digital-assets/,0,1,0%,4
https://coinlineup.com/tag/investor-tips/,0,1,0%,4
https://coinlineup.com/wp-content/uploads/2026/01/ETH-BNB-Holders-Rush-Into-Zero-Knowledge-Proof-ZKP-Auction-As-Analysts-Call-it-the-Next-Big-Crypto-Coin.png,0,1,0%,4
https://coinlineup.com/xrp-sets-up-for-2-20-breakout-usdt-volume-rockets-past-45b-blockdag-reopens-0-0025-entry-ahead-of-mainnet/,0,1,0%,4
https://coinlineup.com/binance-delisting-alpaca-50-percent-drop/,0,1,0%,5
https://coinlineup.com/currencies/FEFE/fefecoin/USD,0,1,0%,5
https://coinlineup.com/currencies/LETSBONK/lets-bonk/USD/,0,1,0%,5
https://coinlineup.com/currencies/XMR/monero/USD/,0,1,0%,5
https://coinlineup.com/currencies/XODEX/xodex/,0,1,0%,5
https://coinlineup.com/jack-mallers-ceo-twenty-one-strike/,0,1,0%,5
https://coinlineup.com/meme-surges-egld-decline-daily-trade/,0,1,0%,6
https://coinlineup.com/currencies/BLUE/bluefin/USD/,0,1,0%,7
https://coinlineup.com/solana-confidential-balances-mainnet-launch/,0,1,0%,7
https://coinlineup.com/tag/buy-crypto/,0,1,0%,7
https://coinlineup.com/best-crypto-for-beginners-featuring-qubetics-polkadot-and-bitcoin-cash/,0,1,0%,8
https://coinlineup.com/bitcoin-soars-us-ppi-drop/,0,1,0%,8
https://coinlineup.com/currencies/FCON/spacefalcon/USD/,0,1,0%,8
https://coinlineup.com/currencies/LOOKS/looksrare/,0,1,0%,8
https://coinlineup.com/tag/forex-market-analysis/,0,1,0%,8
https://coinlineup.com/tag/investing-in-indian-stocks/,0,1,0%,8
https://coinlineup.com/currencies/LTC/litecoin/,0,1,0%,9
https://coinlineup.com/news/page/10/,0,1,0%,9
https://coinlineup.com/tag/how-to-buy-crypto/,0,1,0%,9
https://coinlineup.com/currencies/MAGIC/magic/USD,0,1,0%,10
https://coinlineup.com/currencies/RFC/retard-finder-coin/,0,1,0%,11
https://coinlineup.com/currencies/XED/exeedme/,0,1,0%,11
https://coinlineup.com/neo-legacy-mainnet-shutdown-migrate-neo-n3/,0,1,0%,11
https://coinlineup.com/wp-content/uploads/2026/03/2026-03-05-160000.png,0,1,0%,11
https://coinlineup.com/currencies/ELA/elastos/USD,0,1,0%,12
https://coinlineup.com/currencies/XED/exeedme/USD,0,1,0%,12
https://coinlineup.com/wp-content/uploads/2026/01/uk-treasury-crypto-regulations-file.jpeg,0,1,0%,12
https://coinlineup.com/wp-content/uploads/2026/03/2026-03-06-020000.png,0,1,0%,12
https://coinlineup.com/wp-content/uploads/2026/03/coinlineup__coinmetrics__price-chart.jpg,0,1,0%,12
https://coinlineup.com/currencies/HAEDAL/haedal-protocol/,0,1,0%,13
https://coinlineup.com/currencies/ZYN/zynecoin/,0,1,0%,13
https://coinlineup.com/wp-content/uploads/2026/01/metaplanet-continues-btc-buys-file.jpeg,0,1,0%,13
https://coinlineup.com/currencies/UNI/uni-sui/,0,1,0%,14
https://coinlineup.com/currencies/BZZ/swarm-bzz/,0,1,0%,15
https://coinlineup.com/currencies/SATO/atsuko-sato/USD/,0,1,0%,15
https://coinlineup.com/currencies/XR/xraders/USD/,0,1,0%,16
https://coinlineup.com/ripple-acquires-hidden-road-crypto-ties/,0,1,0%,17
https://coinlineup.com/tag/freebitcoin/,0,1,0%,17
https://coinlineup.com/currencies/SOL/solana/,0,1,0%,18
https://coinlineup.com/wp-content/uploads/2026/01/defiance-liquidates-eth-etf-2026-file.jpeg,0,1,0%,18
https://coinlineup.com/wp-content/uploads/2026/01/image-21.jpeg,0,1,0%,18
https://coinlineup.com/news/page/3/,0,1,0%,19
https://coinlineup.com/wp-content/uploads/2025/12/pippin-coin-ai-meme-launch-file.jpeg,0,1,0%,19
https://coinlineup.com/wp-content/uploads/2025/12/vitalik-buterin-sells-meme-coins-file.jpeg,0,1,0%,19
https://coinlineup.com/currencies/ADA/cardano/,0,1,0%,20
https://coinlineup.com/wp-content/uploads/2026/02/image-14.png,0,1,0%,20
https://coinlineup.com/wp-content/uploads/2026/03/coinlineup__coinmetrics__price-chart-3.jpg,0,1,0%,20
https://coinlineup.com/currencies/APT/aptos/,0,1,0%,21
https://coinlineup.com/wp-content/uploads/2026/01/2026-01-23-090000.png,0,1,0%,21
https://coinlineup.com/currencies/ALGO/algorand/,0,1,0%,22
https://coinlineup.com/currencies/LOOKS/looksrare/USD/,0,1,0%,22
https://coinlineup.com/wp-content/uploads/2026/01/2026-01-20-050000.jpg,0,1,0%,22
https://coinlineup.com/shiba-inu-coin/,0,1,0%,23
https://coinlineup.com/wp-content/uploads/2026/02/2026-02-26-080000.png,0,1,0%,23
https://coinlineup.com/currencies/MAGIC/magic/,0,1,0%,24
https://coinlineup.com/wp-content/uploads/2026/03/coinlineup__coinmetrics__price-chart-5.jpg,0,1,0%,24
https://coinlineup.com/wp-content/uploads/2026/01/image-129.png,0,1,0%,25
https://coinlineup.com/currencies/DOT/polkadot/,0,1,0%,26
https://coinlineup.com/wp-content/uploads/2025/10/abracadabra-hack-treasury-buyback-file.jpeg,0,1,0%,26
https://coinlineup.com/wp-content/uploads/2026/02/image-9.png,0,1,0%,26
https://coinlineup.com/tag/crypto-regulations/,0,1,0%,27
https://coinlineup.com/wp-content/uploads/2026/01/image-72.png,0,1,0%,27
https://coinlineup.com/wp-content/uploads/2026/03/coinlineup__coinmarketcap__price-chart-8.jpg,0,1,0%,27
https://coinlineup.com/currencies/NEAR/near/,0,1,0%,28
https://coinlineup.com/currencies/PI/pi/,0,1,0%,29
https://coinlineup.com/wp-content/uploads/2025/12/ai-experience-user-concerns-file.jpeg,0,1,0%,29
https://coinlineup.com/currencies/GOGLZ/goggles/,0,1,0%,30
https://coinlineup.com/currencies/FIL/filecoin/,0,1,0%,31
https://coinlineup.com/currencies/FLOCK/flock-io/USD/,0,1,0%,32
https://coinlineup.com/currencies/SUI/sui/,0,1,0%,33
https://coinlineup.com/news/page/5/,0,1,0%,34
https://coinlineup.com/currencies/LINK/chainlink/,0,1,0%,35
https://coinlineup.com/markets/crypto-market/,0,1,0%,36
https://coinlineup.com/currencies/DOGE/dogecoin/,0,1,0%,37
https://coinlineup.com/currencies/AAVE/aave/,0,1,0%,38
https://coinlineup.com/currencies/WHITE/whiterock/,0,1,0%,39
https://coinlineup.com/currencies/DAI/dai/,0,1,0%,40
https://coinlineup.com/currencies/TRX/tron/,0,1,0%,41
https://coinlineup.com/federal-reserve-may-interest-rates-2025/,0,1,0%,41
https://coinlineup.com/currencies/CKP/cakepie-xyz/USD,0,1,0%,42
https://coinlineup.com/currencies/TAO/bittensor/,0,1,0%,42
https://coinlineup.com/currencies/KALM/kalmar/,0,1,0%,43
https://coinlineup.com/currencies/KAS/kaspa/,0,1,0%,44
https://coinlineup.com/currencies/UNI/uniswap/,0,1,0%,45
https://coinlineup.com/robinhood-crypto-trading-revenue-q1-2025/,0,1,0%,45
https://coinlineup.com/currencies/SOLCAT/catsolhat/USD/,0,1,0%,46
https://coinlineup.com/currencies/XMR/monero/,0,1,0%,46
https://coinlineup.com/currencies/PEPE/pepe/,0,1,0%,47
https://coinlineup.com/currencies/USDT/tether/,0,1,0%,48
https://coinlineup.com/news/page/2/,0,1,0%,49
https://coinlineup.com/currencies/VET/vechain/,0,1,0%,50
https://coinlineup.com/binance-alpha-points-reward-campaign/,0,1,0%,57
https://coinlineup.com/currencies/KLV/klever/,0,1,0%,57
https://coinlineup.com/currencies/HYPE/hyperliquid/,0,1,0%,61
https://coinlineup.com/currencies/XLM/stellar/,0,1,0%,63
https://coinlineup.com/currencies/LUCE/luce/,0,1,0%,65
https://coinlineup.com/currencies/ELA/elastos/,0,1,0%,67
https://coinlineup.com/currencies/OKB/okb/,0,1,0%,68
https://coinlineup.com/fed-rate-cut-september-2025-expectations/,0,1,0%,68
https://coinlineup.com/currencies/ETH/ethereum/,0,1,0%,69
https://coinlineup.com/currencies/UMT/unitymeta/USD,0,1,0%,70
https://coinlineup.com/currencies/FRM/ferrum-network/USD/,0,1,0%,72
https://coinlineup.com/boop-stakers-token-supply-sol-fees/,0,1,0%,74
https://coinlineup.com/bitget-unified-account-institutional-access/,0,1,0%,78
https://coinlineup.com/currencies/XR/xraders/,0,1,0%,78
https://coinlineup.com/web3-gaming-funding-q1-2025-decline/,0,1,0%,79
https://coinlineup.com/currencies/MEMEFI/meme-fi/USD,0,1,0%,82
https://coinlineup.com/currencies/KLV/klever/USD/,0,1,0%,86
https://coinlineup.com/currencies/BIG/big/USD,0,1,0%,91
https://coinlineup.com/currencies/ORA/ora/USD,0,1,0%,91
https://coinlineup.com/currencies/VXV/vectorspace/,0,1,0%,91
https://coinlineup.com/currencies/USDC/usd-coin/,0,1,0%,92
https://coinlineup.com/currencies/AVAX/avalanche-2/,0,1,0%,93
https://coinlineup.com/currencies/WHITE/whiterock/USD,0,1,0%,94
https://coinlineup.com/currencies/ICP/internet-computer/,0,1,0%,95
https://coinlineup.com/currencies/PENGU/pudgy-penguins/USD,0,1,0%,95
https://coinlineup.com/currencies/ETC/ethereum-classic/,0,1,0%,96
https://coinlineup.com/currencies/FCON/spacefalcon/USD,0,1,0%,97
https://coinlineup.com/currencies/BCH/bitcoin-cash/,0,1,0%,98
https://coinlineup.com/currencies/XYO/xyo-network/USD/,0,1,0%,98
https://coinlineup.com/7-meme-coins-set-to-soar-bonk-just-a-chill-guy-and-the-whitelist-everyones-buzzing-about/,0,1,0%,100
https://coinlineup.com/currencies/STUPID/stupidcoin-2/,0,1,0%,100
https://coinlineup.com/wp-content/uploads/2026/01/chinese-meme-coins-surge-bsc-file.jpeg,0,1,0%,100
https://coinlineup.com/currencies/FRM/ferrum-network/USD,0,1,0%,101
https://coinlineup.com/currencies/TRADE/polytrade/USD,0,1,0%,101
https://coinlineup.com/currencies/DOGE/department-of-government-effic/USD/,0,1,0%,242