"Name","Value"
"Address","https://coinlineup.com/login/"
"URL Encoded Address","https://coinlineup.com/login/"
"Content Type","text/html; charset=UTF-8"
"Status Code","200"
"Status","OK"
"HTTP Version","1.1"
"Indexability","Indexable"
"Size","184.6 KB"
"Transferred","49.9 KB"
"Title 1","Login - CoinLineup"
"Title 1 Length","18"
"Title 1 Pixel Width","165"
"H1-1","Login"
"H1-1 Length","5"
"Meta Robots 1","follow, index, max-snippet:-1, max-video-preview:-1, max-image-preview:large"
"Canonical Link Element 1","https://coinlineup.com/login/"
"Canonical Link Element 1 Origin","HTML"
"Canonical Link Element 1 Indexability","Indexable"
"Word Count","257"
"Sentence Count","123"
"Average Words Per Sentence","2,09"
"Flesch Reading Ease Score","99,05"
"Readability","Very Easy"
"Text Ratio","1,44"
"Crawl Depth","1"
"Folder Depth","1"
"Link Score","25"
"Inlinks","21802"
"Unique Inlinks","10900"
"Unique JS Inlinks","0"
"% of Total","99.97"
"Outlinks","97"
"Unique Outlinks","74"
"Unique JS Outlinks","0"
"External Outlinks","7"
"Unique External Outlinks","7"
"Unique External JS Outlinks","0"
"Hash","b568059cfb81cf41b3dde34526d2c3bc"
"Response Time","0,96"
"Last Modified",""
"Clicks",""
"Impressions",""
"CTR",""
"Position",""
"Form 0 Action Link","https://coinlineup.com/"
"Form 0 Action Path Type","Absolute"
"Form 1 Action Link","https://coinlineup.com/RW2Kkexur9beNro/"
"Form 1 Action Path Type","Absolute"
"Form 2 Action Link","https://coinlineup.com/"
"Form 2 Action Path Type","Absolute"
"Form 3 Action Link","https://coinlineup.com/"
"Form 3 Action Path Type","Absolute"
"Crawl Timestamp","2026-04-14 11:41:47"
