"Address","Occurrences","Title 1","Title 1 Length","Title 1 Pixel Width","Title 2","Title 2 Length","Title 2 Pixel Width","Indexability","Indexability Status"
"https://coinlineup.com/best-crypto-casino-sites-to-explore-in-2026-spartans-bitstarz-lucky-rebel-and-thunderpick-leading-the-market-2/","1","Best Crypto Casino Sites To Explore In 2026: Spartans, BitStarz, Lucky Rebel, And Thunderpick Leading The Market","112","1015","","0","0","Indexable",""
"https://coinlineup.com/best-crypto-casino-sites-to-explore-in-2026-spartans-bitstarz-lucky-rebel-and-thunderpick-leading-the-market/","1","Best Crypto Casino Sites To Explore In 2026: Spartans, BitStarz, Lucky Rebel, And Thunderpick Leading The Market","112","1015","","0","0","Indexable",""
"https://coinlineup.com/guides/bitcoin/","1","Bitcoin - CoinLineup","20","177","","0","0","Indexable",""
"https://coinlineup.com/news/bitcoin-news/","1","Bitcoin - CoinLineup","20","177","","0","0","Indexable",""
"https://coinlineup.com/markets/bitcoin-markets/","1","Bitcoin - CoinLineup","20","177","","0","0","Indexable",""
"https://coinlineup.com/tag/bitcoin/","1","Bitcoin - CoinLineup","20","177","","0","0","Indexable",""
"https://coinlineup.com/bitcoin-long-term-holders-4-37m-btc-april-7-signal/","2","Bitcoin Long-Term Holders Reach 4.37M BTC On April 7: What It Signals","69","636","Bitcoin Long-Term Holders Reach 4.37M BTC on April 7: What It Signals","69","633","Indexable",""
"https://coinlineup.com/bitcoin-surpasses-118000-institutional-inflows/","1","Bitcoin Surpasses $118,000 Amid Institutional Inflows","53","477","","0","0","Indexable",""
"https://coinlineup.com/bitcoin-breaks-118k-institutional-inflows/","1","Bitcoin Surpasses $118,000 Amid Institutional Inflows","53","477","","0","0","Indexable",""
"https://coinlineup.com/guides/blockchain/","1","Blockchain - CoinLineup","23","212","","0","0","Indexable",""
"https://coinlineup.com/tag/blockchain/","1","Blockchain - CoinLineup","23","212","","0","0","Indexable",""
"https://coinlineup.com/blockdag-s-batch-4-offers-0-0000061-entry-as-bnb-and-pepe-slide-why-this-95x-opportunity-beats-the-market-2/","1","BlockDAG's Batch 4 Offers $0.0000061 Entry As BNB And Pepe Slide! Why This 95x Opportunity Beats The Market","107","1004","","0","0","Indexable",""
"https://coinlineup.com/blockdag-s-batch-4-offers-0-0000061-entry-as-bnb-and-pepe-slide-why-this-95x-opportunity-beats-the-market/","1","BlockDAG's Batch 4 Offers $0.0000061 Entry As BNB And Pepe Slide! Why This 95x Opportunity Beats The Market","107","1004","","0","0","Indexable",""
"https://coinlineup.com/blockdag-s-limited-time-0-0000061-entry-delivers-a-95x-roi-pi-network-deals-with-pressure-and-shib-price-stays-flat/","1","BlockDAG's Limited-Time $0.0000061 Entry Delivers A 95x ROI! Pi Network Deals With Pressure & SHIB Price Stays Flat","115","1056","","0","0","Indexable",""
"https://coinlineup.com/blockdag-s-limited-time-0-0000061-entry-delivers-a-95x-roi-pi-network-deals-with-pressure-and-shib-price-stays-flat-2/","1","BlockDAG's Limited-Time $0.0000061 Entry Delivers A 95x ROI! Pi Network Deals With Pressure & SHIB Price Stays Flat","115","1056","","0","0","Indexable",""
"https://coinlineup.com/blockdag-at-0-0000061-the-strategic-95x-entry-closes-while-pi-network-and-ethereum-face-market-resistance-2/","1","BlockDAG At $0.0000061: The Strategic 95x Entry Closes, While Pi Network & Ethereum Face Market Resistance","106","994","","0","0","Indexable",""
"https://coinlineup.com/blockdag-at-0-0000061-the-strategic-95x-entry-closes-while-pi-network-and-ethereum-face-market-resistance/","1","BlockDAG At $0.0000061: The Strategic 95x Entry Closes, While Pi Network & Ethereum Face Market Resistance","106","994","","0","0","Indexable",""
"https://coinlineup.com/blockdag-debuts-on-bifinance-grab-0-0000061-entry-while-xrp-price-prediction-stalls-and-cardano-hits-support/","1","BlockDAG Debuts On BiFinance: Grab $0.0000061 Entry, While XRP Price Prediction Stalls & Cardano Hits Support","109","1007","","0","0","Indexable",""
"https://coinlineup.com/blockdag-debuts-on-bifinance-grab-0-0000061-entry-while-xrp-price-prediction-stalls-and-cardano-hits-support-2/","1","BlockDAG Debuts On BiFinance: Grab $0.0000061 Entry, While XRP Price Prediction Stalls & Cardano Hits Support","109","1007","","0","0","Indexable",""
"https://coinlineup.com/blockdag-presale-reaches-final-days-1566-possible-gains-while-xrp-and-chainlink-move-sideways-2/","1","BlockDAG Presale Reaches Final Days: 1,566% Possible Gains While XRP And Chainlink Move Sideways","96","916","","0","0","Indexable",""
"https://coinlineup.com/blockdag-presale-reaches-final-days-1566-possible-gains-while-xrp-and-chainlink-move-sideways/","1","BlockDAG Presale Reaches Final Days: 1,566% Possible Gains While XRP And Chainlink Move Sideways","96","916","","0","0","Indexable",""
"https://coinlineup.com/guides/crypto-trading/","1","Crypto Trading - CoinLineup","27","247","","0","0","Indexable",""
"https://coinlineup.com/tag/crypto-trading/","1","Crypto Trading - CoinLineup","27","247","","0","0","Indexable",""
"https://coinlineup.com/el-salvador-bitcoin-holdings-increase/","1","El Salvador Increases Bitcoin Holdings By 8 BTC","47","423","","0","0","Indexable",""
"https://coinlineup.com/el-salvador-bitcoin-reserves-increase/","1","El Salvador Increases Bitcoin Holdings By 8 BTC","47","423","","0","0","Indexable",""
"https://coinlineup.com/ena-at-0-75-hbar-below-0-30-blockdag-s-bwt-alpine-f1-team-plan-ranks-it-a-top-crypto-to-buy-today/","1","ENA At $0.75, HBAR Below $0.30, BlockDAG’s BWT Alpine F1® Team Plan Ranks It A Top Crypto To Buy Today","102","974","","0","0","Indexable",""
"https://coinlineup.com/ena-at-075-hbar-below-030-blockdags-bwt-alpine-f1-team-plan-ranks-it-a-top-crypto-to-buy-today/","1","ENA At $0.75, HBAR Below $0.30, BlockDAG’s BWT Alpine F1® Team Plan Ranks It A Top Crypto To Buy Today","102","974","","0","0","Indexable",""
"https://coinlineup.com/markets/ethereum-markets/","1","Ethereum - CoinLineup","21","203","","0","0","Indexable",""
"https://coinlineup.com/tag/ethereum/","1","Ethereum - CoinLineup","21","203","","0","0","Indexable",""
"https://coinlineup.com/news/ethereum/","1","Ethereum - CoinLineup","21","203","","0","0","Indexable",""
"https://coinlineup.com/ethereum-foundation-selling-eth-after-70000-staking-signal/","2","Ethereum Foundation ETH Sales Spark Staking Credibility Questions","65","605","Ethereum Foundation ETH Sales Spark Staking Credibility Questions","65","605","Indexable",""
"https://coinlineup.com/link-price-analysis-doge-holds-0-21-blockdag-300-dapps-pre-listing/","1","LINK Price Analysis, DOGE Holds $0.21 & BlockDAG 300+ DApps Pre-Listing","71","668","","0","0","Indexable",""
"https://coinlineup.com/link-price-analysis-doge-holds-0-21-blockdag-300-dapps-pre-listing-2/","1","LINK Price Analysis, DOGE Holds $0.21 & BlockDAG 300+ DApps Pre-Listing","71","668","","0","0","Indexable",""
"https://coinlineup.com/moodys-downgrades-us-credit-rating-aa1/","1","Moody's Downgrades U.S. Credit Rating To Aa1","44","417","","0","0","Indexable",""
"https://coinlineup.com/moody-downgrades-us-credit-rating-impact/","1","Moody's Downgrades U.S. Credit Rating To AA1","44","419","","0","0","Indexable",""
"https://coinlineup.com/new-zealand-crypto-scam-arrest-2/","1","New Zealand Man Arrested In $265M Crypto Scam","45","449","","0","0","Indexable",""
"https://coinlineup.com/new-zealand-crypto-scam-arrest/","1","New Zealand Man Arrested In $265M Crypto Scam","45","449","","0","0","Indexable",""
"https://coinlineup.com/pakistan-power-bitcoin-mining-ai-centers/","1","Pakistan Allocates 2,000MW For Bitcoin Mining And AI Centers","60","557","","0","0","Indexable",""
"https://coinlineup.com/pakistan-bitcoin-mining-ai-centers-incentives/","1","Pakistan Allocates 2,000MW For Bitcoin Mining And AI Centers","60","557","","0","0","Indexable",""
"https://coinlineup.com/quantifying-the-shift-spartans-casino-s-7-000-000-leaderboard-and-the-future-of-digital-wagering/","1","Quantifying The Shift: Spartans Casino's $7,000,000 Leaderboard & The Future Of Digital Wagering","96","873","","0","0","Indexable",""
"https://coinlineup.com/quantifying-the-shift-spartans-casino-s-7-000-000-leaderboard-and-the-future-of-digital-wagering-2/","1","Quantifying The Shift: Spartans Casino's $7,000,000 Leaderboard & The Future Of Digital Wagering","96","873","","0","0","Indexable",""
"https://coinlineup.com/qubetics-and-hedera-lead-sub-1-blockchain-momentum-while-sui-scales-past-1-in-2025/","1","Qubetics And Hedera Lead Sub-$1 Blockchain Momentum While SUI Scales Past $1 In 2025","84","812","","0","0","Indexable",""
"https://coinlineup.com/qubetics-and-hedera-lead-sub-1-blockchain-momentum-while-sui-scales-past-1-in-2025-2/","1","Qubetics And Hedera Lead Sub-$1 Blockchain Momentum While SUI Scales Past $1 In 2025","84","812","","0","0","Indexable",""
"https://coinlineup.com/qubetics-nears-0-40-listing-as-bitcoin-and-bnb-react-to-global-shifts/","1","Qubetics Nears $0.40 Listing As Bitcoin And BNB React To Global Shifts","70","636","","0","0","Indexable",""
"https://coinlineup.com/qubetics-nears-0-40-listing-as-bitcoin-and-bnb-react-to-global-shifts-2/","1","Qubetics Nears $0.40 Listing As Bitcoin And BNB React To Global Shifts","70","636","","0","0","Indexable",""
"https://coinlineup.com/retired-artist-crypto-scam-coinbase-impersonation/","1","Retired Artist Loses $2 Million In Crypto Scam","46","407","","0","0","Indexable",""
"https://coinlineup.com/retired-artist-crypto-scam-coinbase/","1","Retired Artist Loses $2 Million In Crypto Scam","46","407","","0","0","Indexable",""
"https://coinlineup.com/ripple-prime-hyperliquid-hip-3-institutional-on-chain-perpetual-contracts/","1","Ripple Prime Integrates Hyperliquid HIP-3 For Institutional On-Chain Perpetuals","79","703","","0","0","Indexable",""
"https://coinlineup.com/ripple-prime-hyperliquid-hip-3-institutional-on-chain-perpetual-contracts-2/","1","Ripple Prime Integrates Hyperliquid HIP-3 For Institutional On-Chain Perpetuals","79","703","","0","0","Indexable",""
"https://coinlineup.com/spartans-casino-launches-massive-7-million-leaderboard-while-stake-bleeds-players-and-shuffle-chases-airdrops/","1","Spartans Casino Launches Massive $7 Million Leaderboard While Stake Bleeds Players & Shuffle Chases Airdrops","108","1009","","0","0","Indexable",""
"https://coinlineup.com/spartans-casino-launches-massive-7-million-leaderboard-while-stake-bleeds-players-and-shuffle-chases-airdrops-2/","1","Spartans Casino Launches Massive $7 Million Leaderboard While Stake Bleeds Players & Shuffle Chases Airdrops","108","1009","","0","0","Indexable",""
"https://coinlineup.com/top-cryptos-to-join-in-june-2025-arctic-pablo-coin-pepe-spx6900-take-the-spotlight-2/","1","Top Cryptos To Join In June 2025: Arctic Pablo Coin, Pepe & SPX6900 Take The Spotlight","86","792","","0","0","Indexable",""
"https://coinlineup.com/top-cryptos-to-join-in-june-2025-arctic-pablo-coin-pepe-spx6900-take-the-spotlight/","1","Top Cryptos To Join In June 2025: Arctic Pablo Coin, Pepe & SPX6900 Take The Spotlight","86","792","","0","0","Indexable",""
"https://coinlineup.com/top-online-bitcoin-casinos-for-serious-bettors-spartans-casinobet-bc-game-and-betplay/","1","Top Online Bitcoin Casinos For Serious Bettors: Spartans, Casinobet, BC.Game, And Betplay","89","811","","0","0","Indexable",""
"https://coinlineup.com/top-online-bitcoin-casinos-for-serious-bettors-spartans-casinobet-bc-game-and-betplay-2/","1","Top Online Bitcoin Casinos For Serious Bettors: Spartans, Casinobet, BC.Game, And Betplay","89","811","","0","0","Indexable",""
"https://coinlineup.com/trump-us-strategic-bitcoin-reserve/","1","Trump Establishes U.S. Strategic Bitcoin Reserve","48","435","","0","0","Indexable",""
"https://coinlineup.com/trump-strategic-bitcoin-reserve-announcement/","1","Trump Establishes U.S. Strategic Bitcoin Reserve","48","435","","0","0","Indexable",""
"https://coinlineup.com/trump-media-2-5b-bitcoin-acquisition/","1","Trump Media Plans $2.5B Bitcoin Acquisition","43","399","","0","0","Indexable",""
"https://coinlineup.com/trump-media-bitcoin-vault-plan/","1","Trump Media Plans $2.5B Bitcoin Acquisition","43","399","","0","0","Indexable",""
"https://coinlineup.com/which-is-the-best-crypto-to-buy-now-blockdag-s-0-0000061-entry-leads-over-bitcoin-cash-avalanche-and-sui-2/","1","Which Is The Best Crypto To Buy Now? BlockDAG's $0.0000061 Entry Leads Over Bitcoin Cash, Avalanche, And Sui!","109","1012","","0","0","Indexable",""
"https://coinlineup.com/which-is-the-best-crypto-to-buy-now-blockdag-s-0-0000061-entry-leads-over-bitcoin-cash-avalanche-and-sui/","1","Which Is The Best Crypto To Buy Now? BlockDAG's $0.0000061 Entry Leads Over Bitcoin Cash, Avalanche, And Sui!","109","1012","","0","0","Indexable",""
"https://coinlineup.com/zero-knowledge-proof-zkp-the-100m-self-funded-privacy-blockchain-now-turning-heads-across-crypto-2/","1","Zero Knowledge Proof (ZKP): The $100M Self-Funded Privacy Blockchain Now Turning Heads Across Crypto","100","958","","0","0","Indexable",""
"https://coinlineup.com/zero-knowledge-proof-zkp-the-100m-self-funded-privacy-blockchain-now-turning-heads-across-crypto/","1","Zero Knowledge Proof (ZKP): The $100M Self-Funded Privacy Blockchain Now Turning Heads Across Crypto","100","958","","0","0","Indexable",""
"https://coinlineup.com/zkps-ongoing-presale-auction-5m-reward-turns-heads-as-solana-and-dogecoin-show-mixed-signals/","1","ZKP’s Ongoing Presale Auction & $5M Reward Turns Heads As Solana And Dogecoin Show Mixed Signals","96","933","","0","0","Indexable",""
"https://coinlineup.com/zkps-ongoing-presale-auction-5m-reward-turns-heads-as-solana-and-dogecoin-show-mixed-signals-2/","1","ZKP’s Ongoing Presale Auction & $5M Reward Turns Heads As Solana And Dogecoin Show Mixed Signals","96","933","","0","0","Indexable",""
