URL,Lần thu thập dữ liệu cuối cùng
https://tokentopnews.com/missed-tron-cosmos-dont-miss-apemars-next-1000x-crypto/,2026-04-14
https://tokentopnews.com/tag/gbtc/,2026-04-14
https://tokentopnews.com/crypto-prices-continue-to-fall-btc-towards-20000/,2026-04-11
https://tokentopnews.com/crypto-prices-continue-to-fall/,2026-04-11
https://tokentopnews.com/swissquote-plans-tezos-staking-service-and-own-crypto-trading-platform/,2026-04-08
https://tokentopnews.com/top-10-meme-coins-apemars-stage-13-offers-3600-roi/,2026-03-31
https://tokentopnews.com/vechain-launches-vip193-on-public-testnet-moves-closer-to-implementing-vechain-poa-2-0/,2026-03-23
https://tokentopnews.com/polkadot-vulnerability/,2026-03-23
https://tokentopnews.com/altcoin-trader-alert-best-altcoins-to-invest-apemars-cardano-litecoin/,2026-03-17
https://tokentopnews.com/analyst-lark-davis-sees-polygon-at-ten-dollars-by-the-end-of-the-year/,2026-03-01
https://tokentopnews.com/whale-usdc-deposit-hyperliquid-eth-long/,2026-02-24
https://tokentopnews.com/crypto-market-rally-2026-best-meme-coins-to-invest-including-apemars-stage-6/,2026-02-20
https://www.tokentopnews.com/,2026-02-20
https://tokentopnews.com/binance-dupes-customers-with-a-bitcoin-audit/,2026-02-17
http://tokentopnews.com/,2026-02-07
https://tokentopnews.com/bitcoin-whale-131-btc-binance-transfer/,2026-02-01
https://tokentopnews.com/bitcoin-whale-131-btc-binance-transfer/?prefer_reader_view=1&prefer_safari=1,2026-02-01
http://www.tokentopnews.com/,2026-01-29
https://tokentopnews.com/core-scientific-going-public-in-4-3-billion-spac-merger/,2026-01-19
https://tokentopnews.com/cryptocurrency-news/tron/,2026-01-16
https://tokentopnews.com/bitpanda-receives-the-coveted-bafin-license/,2026-01-07
https://tokentopnews.com/falconx-acquires-167m-ethereum-new-address/?prefer_reader_view=1&prefer_safari=1,2026-01-01
https://tokentopnews.com/michael-saylor-bitcoin-accumulation-strategy/?prefer_reader_view=1&prefer_safari=1,2025-12-25
https://tokentopnews.com/trump-supports-cryptocurrency-bitcoin-ethereum/,2025-12-12
https://tokentopnews.com/el-salvador-bitcoin-purchases-halted-imf/?prefer_reader_view=1&prefer_safari=1,2025-12-04
https://tokentopnews.com/ethereum-whale-buys-eth-price-surge/,2025-11-12
https://tokentopnews.com/ethereum-whale-buys-eth-price-surge/?prefer_reader_view=1&prefer_safari=1,2025-11-12
https://tokentopnews.com/james-wynn-liquidates-btc-position/,2025-10-25
https://tokentopnews.com/nasdaq-invests-50-million-in-gemini/,2025-10-25